Jet Kid Start blue Умные детские часы;Jet;умные часы;пластик;Монохромный;2310 руб
BAND 6 FOREST GREEN FARA-B19 HUAWEI;Huawei;фитнес браслет;полимер;AMOLED;2310 руб
Умные часы GT 3 MIL-B19S BLACK HUAWEI;Huawei;умные часы;пластик;Монохромный;2310 руб
Умные часы GT 3 MIL-B19V BROWN HUAWEI;Huawei;умные часы;нержавеющая сталь;AMOLED;2310 руб
GT RUNNER-B19S BLACK HUAWEI;Huawei;умные часы;пластик;AMOLED;2310 руб
GT RUNNER-B19A GREY HUAWEI;Huawei;умные часы;пластик;AMOLED;2310 руб
Умные часы GT 3 MIL-B19 GOLD HUAWEI;Huawei;умные часы;нержавеющая сталь, пластик;AMOLED;2310 руб
Умные часы WATCH 3 GALILEO-L11 STEEL; Huawei;умные часы;металл, керамика; AMOLED;2310 руб
Умные часы GT 3 JPT-B19V BROWN HUAWEI;Huawei;умные часы;нержавеющая сталь, пластик;AMOLED;24230 руб
FIT ELEGANT TIA-B29 MIDNIGHT BLACK ;Huawei;умные часы;нержавеющая сталь;AMOLED;24230 руб
GT 2 MATTE BLACK LTN- B19 HUAWEI;Huawei;Смарт-часы;пластик, металл;AMOLED;24230 руб
GT 2 PEBBLE BROWN LTN-B19 HUAWEI;Huawei;умные часы;пластик, металл;AMOLED;24230 руб
GT 2 PRO VID-B19 NEBULA GRAY HUAWEI;Huawei;Смарт-часы;AMOLED;титан;24230 руб
GT 2 PRO VID-B19 NIGHT BLACK HUAWEI;Huawei;Смарт-часы;титан;AMOLED;24230 руб
FIT ELEGANT TIA-B29 FROSTY WHITE HUAWEI;Huawei;умные часы;нержавеющая сталь;AMOLED;24230 руб
FIT TIA-B09 GRAPHITE BLACK HUAWEI;Huawei;умные часы;металл;AMOLED;24230 руб
KIDS 4 PRO ASN-AL10 BLUE HUAWEI;Huawei;Смарт-часы;пластик;AMOLED;15850 руб
KIDS 4 PRO ASN-AL10 PINK HUAWEI;Huawei;Смарт-часы;пластик;AMOLED;15850 руб
GT 2 NIGHT BLACK DIANA-B19S HUAWEI;Huawei;Смарт-часы;пластик, металл;AMOLED;15850 руб
GT 3 JPT-B19S BLACK HUAWEI;Huawei;Смарт-часы;нержавеющая сталь, пластик;AMOLED;15850 руб
FIT TIA-B09 DISTILLED BLUE HUAWEI;Huawei;умные часы;пластик, металл;AMOLED;15850 руб
FIT TIA-B09 SAKURA PINK HUAWEI;Huawei;умные часы;пластик, металл;AMOLED;15850 руб
Часы Medisana Шагомер ViFit Connect;Medisana;датчик;пластик;OLED;15850 руб
Canyon - CNS-SW82BB ;Canyon; Смарт-часы;TFT;Монохромный;15850 руб
FLY BLACK G-SM16BLK GEOZON;Geozon;Смарт-часы;металл;TFT;3880 руб
Canyon - CNS-SW81BG ;Canyon;Смарт-часы;пластик, металл;IPS;3880 руб
MAGIC 2 BLACK 46MM MNS-B39 HONOR;Honor;умные часы;пластик, металл;AMOLED;3880 руб
BAND FIT PLUS RED G-SM14RED GEOZON;Geozon;фитнес браслет;пластик;TFT;3880 руб
Mi Smart Band 6;Xiaomi;фитнес браслет;пластик;AMOLED;3880 руб
Jet Kid Pinkie Pie;Jet; Смарт-часы;пластик;TFT;3880 руб
Jet Sport SW-4C 1.54;Jet;Смарт-часы;металл;IPS;3880 руб
Jet Kid Optimus Prime;Jet;Смарт-часы;пластик;TFT;3880 руб
teXet TM-519R ;Texet;"2.4""";пластик;240x320;2490 руб
Fly Ezzy 3;Fly;"1.77""";пластик;128x160;2490 руб
Nokia 150 DS TA-1235;NOKIA;" 2.4""";поликарбонат;1020 мАч;2490 руб
BQ 2430 Tank Power;BQ;" 2.4""";пластик;240x320;2490 руб
NOKIA 130 Dual Sim;NOKIA;"1.8""";пластик;128x160;2490 руб
Texet TM-B217;Texet;"1.77""";пластик;128x160;2490 руб
NOKIA TA-1253;NOKIA;"2.4""";пластик;240x320;2490 руб
Texet 130-TM;Texet;"1.77""";пластик;128x160;2490 руб
NOKIA 105 SS TA-1203;NOKIA;"1.77""";пластик;120x160;1550 руб
NOKIA 105 DS;NOKIA;"1.77""";пластик;128x160;1550 руб
TEXET TM-408;TEXET;"2.8""";пластик;320x240;1550 руб
NOKIA 105 Dual sim;NOKIA;" 1.77""";пластик;120x160;1550 руб
Texet TM-204;Texet;" 2.4""";пластик;320x240;1550 руб
NOKIA 3310 Dual;NOKIA;"2.4""";пластик;320x240;1550 руб
NOKIA 3310 Dual;NOKIA;"2.4""";пластик;320x240;1550 руб
Texet 130-TM;Texet;"1.77""";пластик;м;1550 руб
NOKIA 106 DS TA-1114;NOKIA;"1.8""";пластик;111.2х49.5х14.4 мм;1720 руб
Texet TM-513R;Texet;"2""";пластик;176x220;1720 руб
teXet TM-B226;Texet;2.31”;пластик;320x240;1720 руб
NOKIA 105 DS Blue;NOKIA;"1.77""";пластик;120x160;1720 руб
NOKIA 230 Dual Sim;NOKIA;"2.8""";пластик;320x240;1720 руб
Alcatel 1066D;Alcatel;"1.8""";пластик;160x128;1720 руб
Philips Xenium E172;Philips;"2.4""";пластик;240x320;1720 руб
Alcatel 3025X;Alcatel;"2.8""";пластик;320x240;1720 руб
Philips Xenium E255;Philips;"2.4""";пластик;240x320;3480 руб
Texet TM-D429;Texet;"1.77""";пластик;128x160;3480 руб
Alcatel 2019G;Alcatel;"2.4""";пластик;320x240;3480 руб
Alcatel OT-3025X;Alcatel;"2.8""";пластик;320x240;3480 руб
Digma Linx A230WT 2G;Digma;2.31”;пластик;320x240;3480 руб
Fly Ezzy Trendy 1;Fly;"2.4""";пластик;320x240;3480 руб
Fly S240 Dark Grey;Fly;"2.4""";пластик;240x320;3480 руб
NOKIA 3310 Dual;Бренд:NOKIA;"2.4""";пластик;320x240;3480 руб
 Vampire RGB,9 кнопок ;Defender ; Мышь проводная ;USB;да;1610 руб
Defender Halo Z GM-430L;Defender ;Мышь проводная ;USB;да;1610 руб
 Defender Shark 2 ;Defender ; Мышь беспроводная ;USB;да;1610 руб
 Defender sTarx GM-390L ;Defender ; Мышь проводная ;USB;да;1610 руб
 Defender Skull GM-180L ;Defender ; Мышь проводная ;USB;да;1610 руб
 Defender Killer GM-170L ;Defender ; Мышь проводная ;USB;да;1610 руб
 Defender Ghost GM-190L ;Defender ; Мышь проводная ;USB;да;1610 руб
 Defender Witcher GM-990 ;Defender ; Мышь проводная ;USB;да;1610 руб
 Logitech G305 LIGHTSPEED Wireless ;Logitech ; Мышь беспроводная ;USB + радиоканал;да;8920 руб
 Logitech G102 LIGHTSYNC Gaming;Logitech ; Мышь проводная ;USB;да;8920 руб
 Logitech G PRO HERO Black ;Logitech ; Мышь проводная ;USB;да;8920 руб
 Logitech G402 Hyperion Fury ;Logitech ; Мышь проводная ;USB;да;8920 руб
 STM 109CW ;STM ; Мышь проводная ;USB+ радиоканал;да;8920 руб
 Defender MB-986 ;Defender ; Мышь проводная ;USB;да;8920 руб
 Gembird MG-520 ;Gembird ; Мышь проводная ;USB;да;8920 руб
 CBR CM 846 ;CBR ; Мышь проводная ;USB;да;8920 руб
 Гарнизон GM-720G ;Гарнизон ; Мышь проводная ;USB;да;600 руб
 Гарнизон GM-700G ;Гарнизон ; Мышь проводная ;USB;да;600 руб
 Гарнизон GM-760G ;Гарнизон ; Мышь проводная ;USB;да;600 руб
 Гарнизон GM-730G ;Гарнизон; Мышь проводная ;USB;да;600 руб
 Гарнизон GM-620G ;Гарнизон ; Мышь проводная ;USB;да;600 руб
 A4TECH Bloody Q51 ;A4TECH ; Мышь проводная ;USB;да;600 руб
 MGK-03U Dialog Gan-Kata ;MGK ; Мышь проводная ;USB;да;600 руб
 Defender Flash MB-600L ;Defender ; Мышь проводная ;USB;да;600 руб
 Gembird MG-550 ;Gembird ; Мышь проводная ;USB;да;830 руб
 Lenovo Legion M200 ;Lenovo ; Мышь проводная ;USB;да;830 руб
 Sven RX-G750 ;Sven ; Мышь проводная ;USB;да;830 руб
 Wired Gaming Mouse ;Wired ; Мышь проводная ;USB;да;830 руб
 MSI Clutch GM08 ;MSI ; Мышь проводная ;USB;да;830 руб
  Gembird MG-760 ;Gembird ; Мышь проводная ;USB;да;830 руб
 MGK-11U Dialog Gan-Kata ;MGK ; Мышь проводная ;USB;да;830 руб
 Logitech G102 ;Logitech ; Мышь проводная ;USB;да;830 руб
 Seagate ST2000VX008 SATA III 6 Gb/s ;Seagate ;"3.5""";2 Tb ;64 Mb;12240 руб
Toshiba HDWD105UZSVA;Toshiba  ;"3.5""";500 Gb ;Объем буферной памяти:64 Mb;12240 руб
 SATAIII QK554AA ; HP  ;"3.5"""; 500Gb   ;64 Mb ;12240 руб
 Seagate ST2000NM000A ; Seagate  ;"3.5"""; 2 Tb  ;64 Mb ;12240 руб
 HGST Ultrastar 7K2 ; HGST  ;"3.5"""; 2 Tb  ;128 Mb ;12240 руб
 Seagate ST1000DM010 ; Seagate  ;"3.5"""; 1 Tb  ;64 Mb ;12240 руб
 Toshiba S300 Surveillance ; Toshiba  ;"3.5"""; 4 Tb  ;128 Mb ;12240 руб
 Toshiba MG04SCA20EE ; Toshiba  ;"3.5"""; 2 Tb  ;128 Mb ;12240 руб
 Toshiba HDWD130UZSVA ; Toshiba  ;"3.5"""; 3 Tb  ;64 Mb ;11600 руб
 HDD Toshiba X300 ; Toshiba  ;"3.5"""; 6Tb  ;128 Mb ;11600 руб
 MbMb cache Seagate ; Seagate  ;"3.5"""; 4 Tb  ;256 Mb ;11600 руб
 Seagate Skyhawk ST6000VX001 ;Seagate  ;"3.5""";6 Tb  ; 256 Mb ;11600 руб
 Seagate Barracuda ST4000DM004 ; Seagate  ;"3.5"""; 4 Tb  ;256 Mb ;11600 руб
 Toshiba HDWR160UZSVA  ; Toshiba  ;"3.5"""; 6 Tb  ;256 Mb ;11600 руб
 Seagate IronWolf ST2000VN004;Seagate  ;"3.5"""; 2 Tb  ;64 Mb ;11600 руб
 Toshiba HDWT860UZSVA; Toshiba  ;"3.5"""; 6tb  ;256 Mb ;11600 руб
 Seagate ST16000NM001G ; Seagate  ;"3.5"""; 16 Tb  ;256 Mb ;70200 руб
 Toshiba HDWD220UZSVA ; Toshiba  ;"3.5"""; 2 Tb  ;64 Mb ;70200 руб
 Toshiba X300 HDWR160EZSTA; Toshiba  ;"3.5"""; 6 Tb  ;128 Mb ;70200 руб
 Seagate Barracuda ST3000DM007 ; Seagate  ;"3.5"""; 3 Tb  ;256 Mb ;70200 руб
 Toshiba HDWE160UZSVA ; Toshiba  ;"3.5"""; 6 Tb  ;128 Mb ;70200 руб
 Toshiba HDWR480EZSTA ; Toshiba  ;"3.5"""; 8 Tb  ;256 Mb ;70200 руб
 Western Digital WD20EFAX ; Western Digital  ;"3.5""";  2 Tb  ;256 Mb ;70200 руб
 Toshiba Surveillance S300 HDWT360UZSVA ; Toshiba  ;"3.5"""; 6 Tb  ;256 Mb ;70200 руб
 MbMb Seagate ST500DM009; Seagate  ;"3.5"""; 500 Gb  ;32 Mb ;6540 руб
 Western Digital WD20EZBX ; Western Digital  ;"3.5"""; 2 Tb  ;256 Mb ;6540 руб
 MbMb Seagate Barracuda ST2000DM008; Seagate  ;"3.5"""; 2 Tb  ;256 Mb ;6540 руб
 Toshiba MG06ACA600E ;Toshiba  ;"3.5"""; 6 Tb  ;256 Mb ;6540 руб
 Western Digital WD5003AZEX; Western Digital  ;"3.5"""; 500 Gb  ;64 Mb ;6540 руб
 Western Digital Caviar Red WD10EFRX ; Western Digital  ;"3.5"""; 1 Tb  ;64 Mb ;6540 руб
 Toshiba HDWD240EZSTA ; Toshiba  ;"3.5""";4 Tb  ;128 Mb ;6540 руб
 Western Digital WD2003FZEX ; Western Digital  ;"3.5""";  2 Tb  ;64 Mb ;6540 руб
 Defender Warhead G-160 ; Defender  ;Проводной;черный, синий;Накладные;620 руб
 Apex Pro ; Defender  ;Проводной;черный, красный;Накладные;620 руб
 Crown CMGH-2000 ; Crown  ;Проводной;черный, красный;Накладные;620 руб
 Sven AP-G333MV ; Sven  ;Проводной;черный, красный;Накладные;620 руб
 Sven AP-G300MV ;Бренд:Sven  ;Проводной;черный, красный;Накладные;620 руб
 Defender Warhead G-320 ; Defender  ;Проводной;черный, зеленый;Накладные;620 руб
 Defender Warhead G-320 ; Defender  ;Проводной;черный, красный;Накладные;620 руб
 Defender Tanto 64451 ; Defender  ;Проводной;черный, синий;Вкладыши;620 руб
 Sven AP-U989MV ; Sven  ;Проводной;черный,  красный;Закрытые;3770 руб
 Harper Gaming Raster GHS-X15 ; Harper  ;Проводной;черный, зелёный;Накладные;3770 руб
  Defender Scylla ; Defender  ;Проводной;черный, красный;Закрытые;3770 руб
 Logitech G332 ; Logitech  ;Проводной;черный, красный;Накладные;3770 руб
 Perfeo STRIKE ; Perfeo  ;Проводной;черный, синий;Накладные;3770 руб
Defender Lagopasmtus 2; Defender  ;Проводной;черный, красный;Закрытые;3770 руб
 GHS-R100 ; Harper  ;Проводной;черный, зелёный;Накладные;3770 руб
 Defender Memecoleous ; Defender  ;Проводной;черный, красный;Закрытые;3770 руб
 Defender TUNE 130 ; Defender  ;Проводной;черный, красный;Накладные;750 руб
 Sven AP-U880MV ; Sven  ;Проводной;черный, красный; Закрытые;750 руб
 Dialog HGK-20L ; Dialog  ;Проводной;черный, красный;Мониторные;750 руб
 Logitech G333 ; Logitech  ;Проводной;фиолетовый;Вкладыши;750 руб
 Sven AP-U990MV ; Sven  ;Проводной;черный, красный;Накладные;750 руб
 Crown CMGH-3100 ; Crown  ;Проводной;черный, красный;Мониторные;750 руб
 Triton звук 7.1 ; Defender  ;Проводной;черный;Закрытые;750 руб
 Ritmix RH-540M ; Ritmix  ;Проводной;черный;Накладные;750 руб
 Redragon Minos ; Defender  ;Проводной;черный, красный;Накладные;2210 руб
 HARRIER 360 ; Verbatim  ;Проводной;черный, синий;Накладные;2210 руб
 Razer Kraken X Lite ; Razer  ;Проводной;черный;Мониторные;2210 руб
 Defender Lester ; Defender  ;Проводной;черный, красный;Накладные;2210 руб
 Defender Excidium ; Defender  ;Проводной;черный, красный;Накладные;2210 руб
 Sven AP-G857MV ; Sven  ;Проводной;черный, красный;Накладные;2210 руб
 Perfeo  ACTION ; Perfeo  ;Проводной;черный, красный;Накладные;2210 руб
 HP Pavilion Gaming 600 ; HP  ;Проводной;черный, зеленый;Накладные;2210 руб
